{
  "elements": [
    {
      "element": {
        "element_type": "minecraft:legacy_single_pool_element",
        "location": "minecraft:village/snowy/town_centers/snowy_meeting_point_1",
        "processors": {
          "processors": []
        },
        "projection": "rigid"
      },
      "weight": 20
    },
    {
      "element": {
        "element_type": "minecraft:legacy_single_pool_element",
        "location": "minecraft:village/snowy/town_centers/snowy_meeting_point_2",
        "processors": {
          "processors": []
        },
        "projection": "rigid"
      },
      "weight": 10
    },
    {
      "element": {
        "element_type": "minecraft:legacy_single_pool_element",
        "location": "minecraft:village/snowy/town_centers/snowy_meeting_point_3",
        "processors": {
          "processors": []
        },
        "projection": "rigid"
      },
      "weight": 30
    },
    {
      "element": {
        "element_type": "minecraft:legacy_single_pool_element",
        "location": "minecraft:village/snowy/zombie/town_centers/snowy_meeting_point_1",
        "processors": {
          "processors": []
        },
        "projection": "rigid"
      },
      "weight": 80
    },
    {
      "element": {
        "element_type": "minecraft:legacy_single_pool_element",
        "location": "minecraft:village/snowy/zombie/town_centers/snowy_meeting_point_2",
        "processors": {
          "processors": []
        },
        "projection": "rigid"
      },
      "weight": 40
    },
    {
      "element": {
        "element_type": "minecraft:legacy_single_pool_element",
        "location": "minecraft:village/snowy/zombie/town_centers/snowy_meeting_point_3",
        "processors": {
          "processors": []
        },
        "projection": "rigid"
      },
      "weight": 120
    }
  ],
  "fallback": "minecraft:empty"
}