{
  "elements": [
    {
      "element": {
        "element_type": "minecraft:legacy_single_pool_element",
        "location": "minecraft:village/savanna/town_centers/savanna_meeting_point_1",
        "processors": {
          "processors": []
        },
        "projection": "rigid"
      },
      "weight": 20
    },
    {
      "element": {
        "element_type": "minecraft:legacy_single_pool_element",
        "location": "minecraft:village/savanna/town_centers/savanna_meeting_point_2",
        "processors": {
          "processors": []
        },
        "projection": "rigid"
      },
      "weight": 10
    },
    {
      "element": {
        "element_type": "minecraft:legacy_single_pool_element",
        "location": "minecraft:village/savanna/town_centers/savanna_meeting_point_3",
        "processors": {
          "processors": []
        },
        "projection": "rigid"
      },
      "weight": 150
    },
    {
      "element": {
        "element_type": "minecraft:legacy_single_pool_element",
        "location": "minecraft:village/savanna/town_centers/savanna_meeting_point_4",
        "processors": {
          "processors": []
        },
        "projection": "rigid"
      },
      "weight": 30
    },
    {
      "element": {
        "element_type": "minecraft:legacy_single_pool_element",
        "location": "minecraft:village/savanna/zombie/town_centers/savanna_meeting_point_1",
        "processors": "minecraft:zombie_savanna",
        "projection": "rigid"
      },
      "weight": 30
    },
    {
      "element": {
        "element_type": "minecraft:legacy_single_pool_element",
        "location": "minecraft:village/savanna/zombie/town_centers/savanna_meeting_point_2",
        "processors": "minecraft:zombie_savanna",
        "projection": "rigid"
      },
      "weight": 40
    },
    {
      "element": {
        "element_type": "minecraft:legacy_single_pool_element",
        "location": "minecraft:village/savanna/zombie/town_centers/savanna_meeting_point_3",
        "processors": "minecraft:zombie_savanna",
        "projection": "rigid"
      },
      "weight": 120
    },
    {
      "element": {
        "element_type": "minecraft:legacy_single_pool_element",
        "location": "minecraft:village/savanna/zombie/town_centers/savanna_meeting_point_4",
        "processors": "minecraft:zombie_savanna",
        "projection": "rigid"
      },
      "weight": 120
    }
  ],
  "fallback": "minecraft:empty"
}